{
  "mesh_info": {
    "num_vertices": 96,
    "num_edges": 138,
    "num_triangles": 60,
    "bounding_box": {
      "min": [
        -5.460000038146973,
        -3.5,
        -1.0499999523162842
      ],
      "max": [
        5.460000038146973,
        3.5,
        1.0499999523162842
      ],
      "center": [
        0.0,
        0.5424999855458736,
        0.0
      ],
      "size": [
        10.920000076293945,
        7.0,
        2.0999999046325684
      ]
    },
    "has_normals": true,
    "has_colors": false,
    "is_watertight": false,
    "is_orientable": true
  },
  "vertices": [
    [
      0.010499999523162842,
      -0.035,
      -0.010499999523162842
    ],
    [
      0.010499999523162842,
      -0.01190000057220459,
      -0.010499999523162842
    ],
    [
      0.010499999523162842,
      -0.035,
      0.010499999523162842
    ],
    [
      0.010499999523162842,
      -0.01190000057220459,
      0.010499999523162842
    ],
    [
      -0.010499999523162842,
      -0.035,
      -0.010499999523162842
    ],
    [
      0.010499999523162842,
      -0.035,
      -0.010499999523162842
    ],
    [
      -0.010499999523162842,
      -0.035,
      0.010499999523162842
    ],
    [
      0.010499999523162842,
      -0.035,
      0.010499999523162842
    ],
    [
      -0.010499999523162842,
      -0.01190000057220459,
      -0.010499999523162842
    ],
    [
      -0.010499999523162842,
      -0.035,
      -0.010499999523162842
    ],
    [
      -0.010499999523162842,
      -0.01190000057220459,
      0.010499999523162842
    ],
    [
      -0.010499999523162842,
      -0.035,
      0.010499999523162842
    ],
    [
      -0.05460000038146973,
      -0.01190000057220459,
      -0.010499999523162842
    ],
    [
      -0.010499999523162842,
      -0.01190000057220459,
      -0.010499999523162842
    ],
    [
      -0.05460000038146973,
      -0.01190000057220459,
      0.010499999523162842
    ],
    [
      -0.010499999523162842,
      -0.01190000057220459,
      0.010499999523162842
    ],
    [
      -0.05460000038146973,
      0.035,
      -0.010499999523162842
    ],
    [
      -0.05460000038146973,
      -0.01190000057220459,
      -0.010499999523162842
    ],
    [
      -0.05460000038146973,
      0.035,
      0.010499999523162842
    ],
    [
      -0.05460000038146973,
      -0.01190000057220459,
      0.010499999523162842
    ],
    [
      -0.04059999942779541,
      0.035,
      -0.010499999523162842
    ],
    [
      -0.05460000038146973,
      0.035,
      -0.010499999523162842
    ],
    [
      -0.04059999942779541,
      0.035,
      0.010499999523162842
    ],
    [
      -0.05460000038146973,
      0.035,
      0.010499999523162842
    ],
    [
      -0.04059999942779541,
      -0.0014000000059604645,
      -0.010499999523162842
    ],
    [
      -0.04059999942779541,
      0.035,
      -0.010499999523162842
    ],
    [
      -0.04059999942779541,
      -0.0014000000059604645,
      0.010499999523162842
    ],
    [
      -0.04059999942779541,
      0.035,
      0.010499999523162842
    ],
    [
      -0.010499999523162842,
      -0.0014000000059604645,
      -0.010499999523162842
    ],
    [
      -0.04059999942779541,
      -0.0014000000059604645,
      -0.010499999523162842
    ],
    [
      -0.010499999523162842,
      -0.0014000000059604645,
      0.010499999523162842
    ],
    [
      -0.04059999942779541,
      -0.0014000000059604645,
      0.010499999523162842
    ],
    [
      -0.010499999523162842,
      0.035,
      -0.010499999523162842
    ],
    [
      -0.010499999523162842,
      -0.0014000000059604645,
      -0.010499999523162842
    ],
    [
      -0.010499999523162842,
      0.035,
      0.010499999523162842
    ],
    [
      -0.010499999523162842,
      -0.0014000000059604645,
      0.010499999523162842
    ],
    [
      0.010499999523162842,
      0.035,
      -0.010499999523162842
    ],
    [
      -0.010499999523162842,
      0.035,
      -0.010499999523162842
    ],
    [
      0.010499999523162842,
      0.035,
      0.010499999523162842
    ],
    [
      -0.010499999523162842,
      0.035,
      0.010499999523162842
    ],
    [
      0.010499999523162842,
      -0.0014000000059604645,
      -0.010499999523162842
    ],
    [
      0.010499999523162842,
      0.035,
      -0.010499999523162842
    ],
    [
      0.010499999523162842,
      -0.0014000000059604645,
      0.010499999523162842
    ],
    [
      0.010499999523162842,
      0.035,
      0.010499999523162842
    ],
    [
      0.04059999942779541,
      -0.0014000000059604645,
      -0.010499999523162842
    ],
    [
      0.010499999523162842,
      -0.0014000000059604645,
      -0.010499999523162842
    ],
    [
      0.04059999942779541,
      -0.0014000000059604645,
      0.010499999523162842
    ],
    [
      0.010499999523162842,
      -0.0014000000059604645,
      0.010499999523162842
    ],
    [
      0.04059999942779541,
      0.035,
      -0.010499999523162842
    ],
    [
      0.04059999942779541,
      -0.0014000000059604645,
      -0.010499999523162842
    ],
    [
      0.04059999942779541,
      0.035,
      0.010499999523162842
    ],
    [
      0.04059999942779541,
      -0.0014000000059604645,
      0.010499999523162842
    ],
    [
      0.05460000038146973,
      0.035,
      -0.010499999523162842
    ],
    [
      0.04059999942779541,
      0.035,
      -0.010499999523162842
    ],
    [
      0.05460000038146973,
      0.035,
      0.010499999523162842
    ],
    [
      0.04059999942779541,
      0.035,
      0.010499999523162842
    ],
    [
      0.05460000038146973,
      -0.01190000057220459,
      -0.010499999523162842
    ],
    [
      0.05460000038146973,
      0.035,
      -0.010499999523162842
    ],
    [
      0.05460000038146973,
      -0.01190000057220459,
      0.010499999523162842
    ],
    [
      0.05460000038146973,
      0.035,
      0.010499999523162842
    ],
    [
      0.010499999523162842,
      -0.01190000057220459,
      -0.010499999523162842
    ],
    [
      0.05460000038146973,
      -0.01190000057220459,
      -0.010499999523162842
    ],
    [
      0.010499999523162842,
      -0.01190000057220459,
      0.010499999523162842
    ],
    [
      0.05460000038146973,
      -0.01190000057220459,
      0.010499999523162842
    ],
    [
      0.05460000038146973,
      -0.01190000057220459,
      0.010499999523162842
    ],
    [
      0.04059999942779541,
      -0.0014000000059604645,
      0.010499999523162842
    ],
    [
      0.010499999523162842,
      -0.01190000057220459,
      0.010499999523162842
    ],
    [
      0.010499999523162842,
      -0.0014000000059604645,
      0.010499999523162842
    ],
    [
      -0.010499999523162842,
      -0.01190000057220459,
      0.010499999523162842
    ],
    [
      -0.010499999523162842,
      -0.0014000000059604645,
      0.010499999523162842
    ],
    [
      -0.04059999942779541,
      -0.0014000000059604645,
      0.010499999523162842
    ],
    [
      0.05460000038146973,
      0.035,
      0.010499999523162842
    ],
    [
      0.04059999942779541,
      0.035,
      0.010499999523162842
    ],
    [
      0.010499999523162842,
      0.035,
      0.010499999523162842
    ],
    [
      -0.010499999523162842,
      0.035,
      0.010499999523162842
    ],
    [
      -0.04059999942779541,
      0.035,
      0.010499999523162842
    ],
    [
      -0.05460000038146973,
      0.035,
      0.010499999523162842
    ],
    [
      -0.05460000038146973,
      -0.01190000057220459,
      0.010499999523162842
    ],
    [
      -0.010499999523162842,
      -0.035,
      0.010499999523162842
    ],
    [
      0.010499999523162842,
      -0.035,
      0.010499999523162842
    ],
    [
      0.05460000038146973,
      0.035,
      -0.010499999523162842
    ],
    [
      0.05460000038146973,
      -0.01190000057220459,
      -0.010499999523162842
    ],
    [
      0.04059999942779541,
