{
  "mesh_info": {
    "num_vertices": 32,
    "num_edges": 46,
    "num_triangles": 20,
    "bounding_box": {
      "min": [
        -1.2949999570846558,
        -7.0,
        -1.2949999570846558
      ],
      "max": [
        1.2949999570846558,
        7.0,
        1.2949999570846558
      ],
      "center": [
        0.0,
        0.0,
        0.0
      ],
      "size": [
        2.5899999141693115,
        14.0,
        2.5899999141693115
      ]
    },
    "has_normals": true,
    "has_colors": false,
    "is_watertight": false,
    "is_orientable": true
  },
  "vertices": [
    [
      0.012949999570846558,
      0.07,
      0.012949999570846558
    ],
    [
      -0.012949999570846558,
      0.07,
      0.012949999570846558
    ],
    [
      0.012949999570846558,
      0.0,
      0.012949999570846558
    ],
    [
      -0.012949999570846558,
      0.0,
      0.012949999570846558
    ],
    [
      0.012949999570846558,
      -0.07,
      0.012949999570846558
    ],
    [
      -0.012949999570846558,
      -0.07,
      0.012949999570846558
    ],
    [
      0.012949999570846558,
      0.07,
      -0.012949999570846558
    ],
    [
      0.012949999570846558,
      0.07,
      0.012949999570846558
    ],
    [
      0.012949999570846558,
      0.0,
      -0.012949999570846558
    ],
    [
      0.012949999570846558,
      0.0,
      0.012949999570846558
    ],
    [
      0.012949999570846558,
      -0.07,
      -0.012949999570846558
    ],
    [
      0.012949999570846558,
      -0.07,
      0.012949999570846558
    ],
    [
      -0.012949999570846558,
      0.07,
      -0.012949999570846558
    ],
    [
      0.012949999570846558,
      0.07,
      -0.012949999570846558
    ],
    [
      -0.012949999570846558,
      0.0,
      -0.012949999570846558
    ],
    [
      0.012949999570846558,
      0.0,
      -0.012949999570846558
    ],
    [
      -0.012949999570846558,
      -0.07,
      -0.012949999570846558
    ],
    [
      0.012949999570846558,
      -0.07,
      -0.012949999570846558
    ],
    [
      -0.012949999570846558,
      0.07,
      0.012949999570846558
    ],
    [
      -0.012949999570846558,
      0.07,
      -0.012949999570846558
    ],
    [
      -0.012949999570846558,
      0.0,
      0.012949999570846558
    ],
    [
      -0.012949999570846558,
      0.0,
      -0.012949999570846558
    ],
    [
      -0.012949999570846558,
      -0.07,
      0.012949999570846558
    ],
    [
      -0.012949999570846558,
      -0.07,
      -0.012949999570846558
    ],
    [
      -0.012949999570846558,
      0.07,
      0.012949999570846558
    ],
    [
      0.012949999570846558,
      0.07,
      0.012949999570846558
    ],
    [
      -0.012949999570846558,
      0.07,
      -0.012949999570846558
    ],
    [
      0.012949999570846558,
      0.07,
      -0.012949999570846558
    ],
    [
      -0.012949999570846558,
      -0.07,
      0.012949999570846558
    ],
    [
      -0.012949999570846558,
      -0.07,
      -0.012949999570846558
    ],
    [
      0.012949999570846558,
      -0.07,
      0.012949999570846558
    ],
    [
      0.012949999570846558,
      -0.07,
      -0.012949999570846558
    ]
  ],
  "edges": [
    [
      0,
      1
    ],
    [
      1,
      2
    ],
    [
      0,
      2
    ],
    [
      1,
      3
    ],
    [
      2,
      3
    ],
    [
      3,
      4
    ],
    [
      2,
      4
    ],
    [
      3,
      5
    ],
    [
      4,
      5
    ],
    [
      6,
      7
    ],
    [
      7,
      8
    ],
    [
      6,
      8
    ],
    [
      7,
      9
    ],
    [
      8,
      9
    ],
    [
      9,
      10
    ],
    [
      8,
      10
    ],
    [
      9,
      11
    ],
    [
      10,
      11
    ],
    [
      12,
      13
    ],
    [
      13,
      14
    ],
    [
      12,
      14
    ],
    [
      13,
      15
    ],
    [
      14,
      15
    ],
    [
      15,
      16
    ],
    [
      14,
      16
    ],
    [
      15,
      17
    ],
    [
      16,
      17
    ],
    [
      18,
      19
    ],
    [
      19,
      20
    ],
    [
      18,
      20
    ],
    [
      19,
      21
    ],
    [
      20,
      21
    ],
    [
      21,
      22
    ],
    [
      20,
      22
    ],
    [
      21,
      23
    ],
    [
      22,
      23
    ],
    [
      24,
      25
    ],
    [
      25,
      26
    ],
    [
      24,
      26
    ],
    [
      25,
      27
    ],
    [
      26,
      27
    ],
    [
      28,
      29
    ],
    [
      29,
      30
    ],
    [
      28,
      30
    ],
    [
      29,
      31
    ],
    [
      30,
      31
    ]
  ],
  "format": "vector_relation",
  "description": "Wireframe data with vertices and edge connections"
}