{
  "export_type": "robotics_aruco_poses",
  "version": "2.0",
  "exported_at": "2025-09-11T23:01:36.962391",
  "model_file": "/Users/aldrininbaraj/Documents/Projects/aruco annotate/data/models/fork_yellow_scaled70.obj",
  "total_markers": 6,
  "markers": [
    {
      "aruco_dictionary": "DICT_4X4_50",
      "aruco_id": 6,
      "size": 0.021,
      "border_width": 0.05,
      "face_type": "right",
      "surface_normal": [
        1.0,
        0.0,
        0.0
      ],
      "pose_relative_to_cad_center": {
        "position": {
          "x": -0.05460000038146973,
          "y": 0.0,
          "z": 0.0
        },
        "rotation": {
          "roll": 0.0,
          "pitch": 1.5707963267948966,
          "yaw": 0.0
        }
      },
      "pose_absolute": {
        "position": {
          "x": -0.05460000038146973,
          "y": 0.0,
          "z": 0.0
        },
        "rotation": {
          "roll": 0.0,
          "pitch": 1.5707963267948966,
          "yaw": 0.0
        }
      },
      "cad_object_info": {
        "center": [
          0.0,
          0.0,
          0.0
        ],
        "dimensions": {
          "length": 0.10920000076293945,
          "width": 0.07000000000000006,
          "height": 0.020999999046325685
        }
      }
    },
    {
      "aruco_dictionary": "DICT_4X4_50",
      "aruco_id": 7,
      "size": 0.021,
      "border_width": 0.05,
      "face_type": "left",
      "surface_normal": [
        -1.0,
        0.0,
        0.0
      ],
      "pose_relative_to_cad_center": {
        "position": {
          "x": 0.05460000038146973,
          "y": 0.0,
          "z": 0.0
        },
        "rotation": {
          "roll": 0.0,
          "pitch": -1.5707963267948966,
          "yaw": 0.0
        }
      },
      "pose_absolute": {
        "position": {
          "x": 0.05460000038146973,
          "y": 0.0,
          "z": 0.0
        },
        "rotation": {
          "roll": 0.0,
          "pitch": -1.5707963267948966,
          "yaw": 0.0
        }
      },
      "cad_object_info": {
        "center": [
          0.0,
          0.0,
          0.0
        ],
        "dimensions": {
          "length": 0.10920000076293945,
          "width": 0.07000000000000006,
          "height": 0.020999999046325685
        }
      }
    },
    {
      "aruco_dictionary": "DICT_4X4_50",
      "aruco_id": 8,
      "size": 0.021,
      "border_width": 0.05,
      "face_type": "front",
      "surface_normal": [
        0.0,
        1.0,
        0.0
      ],
      "pose_relative_to_cad_center": {
        "position": {
          "x": 0.0,
          "y": -0.03500000000000003,
          "z": 0.0
        },
        "rotation": {
          "roll": -1.5707963267948966,
          "pitch": 0.0,
          "yaw": 0.0
        }
      },
      "pose_absolute": {
        "position": {
          "x": 0.0,
          "y": -0.03500000000000003,
          "z": 0.0
        },
        "rotation": {
          "roll": -1.5707963267948966,
          "pitch": 0.0,
          "yaw": 0.0
        }
      },
      "cad_object_info": {
        "center": [
          0.0,
          0.0,
          0.0
        ],
        "dimensions": {
          "length": 0.10920000076293945,
          "width": 0.07000000000000006,
          "height": 0.020999999046325685
        }
      }
    },
    {
      "aruco_dictionary": "DICT_4X4_50",
      "aruco_id": 9,
      "size": 0.021,
      "border_width": 0.05,
      "face_type": "back",
      "surface_normal": [
        0.0,
        -1.0,
        0.0
      ],
      "pose_relative_to_cad_center": {
        "position": {
          "x": 0.0,
          "y": 0.03500000000000003,
          "z": 0.0
        },
        "rotation": {
          "roll": 1.5707963267948966,
          "pitch": 0.0,
          "yaw": 0.0
        }
      },
      "pose_absolute": {
        "position": {
          "x": 0.0,
          "y": 0.03500000000000003,
          "z": 0.0
        },
        "rotation": {
          "roll": 1.5707963267948966,
          "pitch": 0.0,
          "yaw": 0.0
        }
      },
      "cad_object_info": {
        "center": [
          0.0,
          0.0,
          0.0
        ],
        "dimensions": {
          "length": 0.10920000076293945,
          "width": 0.07000000000000006,
          "height": 0.020999999046325685
        }
      }
    },
    {
      "aruco_dictionary": "DICT_4X4_50",
      "aruco_id": 10,
      "size": 0.021,
      "border_width": 0.05,
      "face_type": "top",
      "surface_normal": [
        0.0,
        0.0,
        1.0
      ],
      "pose_relative_to_cad_center": {
        "position": {
          "x": 0.0,
          "y": 0.0,
          "z": -0.010499999523162842
        },
        "rotation": {
          "roll": 0.0,
          "pitch": 0.0,
          "yaw": 0.0
        }
      },
      "pose_absolute": {
        "position": {
          "x": 0.0,
          "y": 0.0,
          "z": -0.010499999523162842
        },
        "rotation": {
          "roll": 0.0,
          "pitch": 0.0,
          "yaw": 0.0
        }
      },
      "cad_object_info": {
        "center": [
          0.0,
          0.0,
          0.0
        ],
        "dimensions": {
          "length": 0.10920000076293945,
          "width": 0.07000000000000006,
          "height": 0.020999999046325685
        }
      }
    },
    {
      "aruco_dictionary": "DICT_4X4_50",
      "aruco_id": 11,
      "size": 0.021,
      "border_width": 0.05,
      "face_type": "bottom",
      "surface_normal": [
        0.0,
        0.0,
        -1.0
      ],
      "pose_relative_to_cad_center": {
        "position": {
          "x": 0.0,
          "y": 0.0,
          "z": 0.010499999523162842
        },
        "rotation": {
          "roll": 3.141592653589793,
          "pitch": 0.0,
          "yaw": 0.0
        }
      },
      "pose_absolute": {
        "position": {
          "x": 0.0,
          "y": 0.0,
          "z": 0.010499999523162842
        },
        "rotation": {
          "roll": 3.141592653589793,
          "pitch": 0.0,
          "yaw": 0.0
        }
      },
      "cad_object_info": {
        "center": [
          0.0,
          0.0,
          0.0
        ],
        "dimensions": {
          "length": 0.10920000076293945,
          "width": 0.07000000000000006,
          "height": 0.020999999046325685
        }
      }
    }
  ],
  "description": "ArUco marker poses relative to CAD object center for robotics applications"
}